src,dst,rail,start_ns,capacity_bps
0,5,0,0,92185713422.26195
1,6,0,0,92894252409.39462
2,7,0,0,93191189175.43773
3,4,0,0,93196676507.5777
4,9,0,0,93473778984.18706
5,10,0,0,92306866173.5481
6,11,0,0,92496961281.19075
7,8,0,0,92568785201.8386
8,13,0,0,92876527900.79716
9,14,0,0,93661185753.09837
10,15,0,0,92581351382.27359
11,12,0,0,92262128048.96826
12,1,0,0,92011088499.5938
13,2,0,0,92655353253.30588
14,3,0,0,93225469705.40012
15,0,0,0,92872003578.21364
0,5,1,0,92912052290.43877
1,6,1,0,92602370749.13289
2,7,1,0,93560135653.10756
3,4,1,0,93270352117.87
4,9,1,0,92858159147.7328
5,10,1,0,91888898585.21654
6,11,1,0,92741775770.88501
7,8,1,0,91206991594.29965
8,13,1,0,93208309027.37268
9,14,1,0,92765808744.65596
10,15,1,0,92429899368.01541
11,12,1,0,92876390793.63626
12,1,1,0,92930511006.91057
13,2,1,0,92957800793.5045
14,3,1,0,92795499648.59442
15,0,1,0,93191603291.16858
